id,slug,old_title,new_title,new_rm_desc
7046,how-much-does-garage-door-opener-installation-cost,How Much Does Garage Door Opener Installation Cost?,How Much Does Garage Door Opener Installation Cost?,"Opener install pricing comes down to drive type, horsepower, smart features, and the shape your existing rails and wiring are in. We break down each factor."
7019,why-does-garage-door-installation-cost-so-much,Why Does Garage Door Installation Cost So Much?,Why Does Garage Door Installation Cost So Much?,"That first garage door quote surprises almost everyone. We walk through where the money actually goes: the door itself, springs, tracks, labor, and haul-away."
7017,how-do-i-know-my-garage-door-spring-repair-was-done-correctly,How Do I Know My Garage Door Spring Repair Was Done Correctly?,How Do I Know My Garage Door Spring Repair Was Done Correctly?,"A properly repaired spring leaves the door balanced: it lifts smoothly, stays put halfway, and closes without slamming. Here is how we check our own work."
7014,what-is-the-average-garage-door-repair-cost,What Is The Average Garage Door Repair Cost?,What Is The Average Garage Door Repair Cost?,"Repair pricing depends on the part that failed. Springs, cables, openers, and panels each sit in a different range. We explain what drives the bill you get."
7012,what-are-the-best-garage-door-maintenance-tips,What Are The Best Garage Door Maintenance Tips?,What Are The Best Garage Door Maintenance Tips?,"Lubricate the moving parts, watch the balance, and listen for new noises. We list the simple habits that keep a garage door out of trouble between tune-ups."
7010,how-often-does-a-garage-door-opener-need-repair,How Often Does A Garage Door Opener Need Repair?,How Often Does A Garage Door Opener Need Repair?,"Most openers run for years with little attention, then give warning signs before failing. We cover the noises and hesitations that mean service time."
7008,what-affects-the-cost-of-garage-door-installation,What Affects The Cost Of Garage Door Installation?,What Affects The Cost Of Garage Door Installation?,"Door size, material, insulation, track hardware, and tear-out all move the price of a garage door install. We unpack each factor so quotes finally make sense."
7006,what-happens-if-you-skip-garage-door-maintenance,What Happens If You Skip Garage Door Maintenance?,What Happens If You Skip Garage Door Maintenance?,"Skipped maintenance shows up as worn rollers, stretched cables, and a door that quits on the coldest morning of the year. Here is what neglect really costs."
7002,can-i-install-a-garage-door-opener-by-myself,Can I Install A Garage Door Opener By Myself?,Can I Install A Garage Door Opener By Myself?,You can hang an opener yourself if you are comfortable on a ladder and patient with wiring. We explain which steps trip people up and when to hand it off.
6929,what-happens-if-you-dont-replace-a-broken-garage-door-spring,What Happens If You Don't Replace A Broken Garage Door Spring?,What Happens If You Don't Replace A Broken Garage Door Spring?,"A broken spring puts the door's full weight on the opener and cables, and both give out fast. We explain why waiting on a spring repair gets expensive."
6913,how-do-i-know-if-my-garage-door-opener-needs-to-be-repaired-or-replaced,How Do I Know If My Garage Door Opener Needs To Be Repaired Or Replaced?,Should You Repair or Replace Your Garage Door Opener?,"Age, noise, and safety features decide whether an opener is worth fixing. We walk through the symptoms that point to repair and the ones that mean replace."
6910,what-is-the-best-type-of-garage-door-to-install,What Is The Best Type Of Garage Door To Install?,What Is The Best Type Of Garage Door To Install?,"The best garage door depends on your climate, budget, and whether the garage is attached to the house. We compare steel, wood, and insulated options honestly."
6902,how-do-i-know-if-my-garage-door-spring-is-broken,How Do I Know If My Garage Door Spring Is Broken?,How Do I Know If My Garage Door Spring Is Broken?,"A loud bang, a door that feels heavy, and a visible gap in the coil are the classic signs of a broken spring. We show how to confirm it without touching it."
6891,can-a-garage-door-be-repaired-in-cold-weather,Can A Garage Door Be Repaired In Cold Weather?,Can A Garage Door Be Repaired In Cold Weather?,"Yes, garage doors can be repaired in freezing weather, and winter is when springs snap most. We explain how cold affects the steel and what a visit involves."
6256,how-long-do-garage-door-parts-last,How Long Do Garage Door Parts Last?,How Long Do Garage Door Parts Last?,"Springs, rollers, cables, and openers all wear out on their own schedules. We go part by part so you know what is likely to fail next on an aging door."
6245,how-do-i-fix-my-garage-door-sensors-from-the-sun,How Do I Fix My Garage Door Sensors From the Sun?,How Do I Fix My Garage Door Sensors From the Sun?,Direct sunlight can blind a garage door safety sensor and stop the door from closing. Shade the lens and check the alignment; the door usually behaves again.
6239,setting-up-your-myq-wi-fi-garage-door-opener-a-step-by-step-guide,Setting Up Your MyQ Wi-Fi Garage Door Opener: A Step-by-Step Guide,How to Set Up Your MyQ Wi-Fi Garage Door Opener,"Connect the myQ app, pair the opener, and control the door from your phone. We walk through setup and the connection hiccups that stall most people."
6193,tips-to-stop-your-garage-door-from-freezing-shut,Essential Tips to Stop Your Garage Door from Freezing This Winter,How to Stop Your Garage Door From Freezing Shut,"A garage door freezes shut when meltwater pools at the seal and refreezes overnight. We cover the fixes that actually work, from seal swaps to prevention."
6076,are-garage-door-openers-worth-repairing,Are Garage Door Openers Worth Repairing?,Are Garage Door Openers Worth Repairing?,An opener is usually worth repairing when the motor is healthy and the problem is a small part. We explain where the repair-or-replace line really sits.
5980,the-complete-guide-to-garage-door-seals,The Complete Guide to Garage Door Seals,"Garage Door Seals: Types, Materials, and Care","Garage door seals keep out water, drafts, and pests, and each edge of the door uses a different type. We cover the materials and how to keep them working."
5837,genie-garage-door-opener-installation-manual,Genie Garage Door Opener Installation Manual,Genie Garage Door Opener Installation Manual,"Follow the full install sequence for a Genie garage door opener, from rail assembly to force settings, with the same safety checks we use on every job."
5826,is-it-cheaper-to-repair-or-replace-a-garage-door,Is It Cheaper to Repair or Replace a Garage Door?,Is It Cheaper to Repair or Replace a Garage Door?,"Repair is usually the cheaper call for hardware failures, while worn panels and rust tip the math toward replacement. We show how we weigh it on real doors."
5821,what-to-do-if-you-lose-your-garage-door-opener-remote,What To Do If You Lose Your Garage Door Opener Remote,What To Do If You Lose Your Garage Door Opener Remote,"Lost your remote? Clear the opener's memory first so the old one stops working, then pair a replacement. We walk through the steps and the security reasons."
5812,how-do-i-get-my-garage-door-back-on-track,How Do I Get My Garage Door Back on Track?,How Do I Get My Garage Door Back on Track?,A door that jumped its track can often be reset by releasing the opener and realigning the rollers. We explain the safe way and the moments to stop and call.
5797,how-to-install-a-chamberlain-chain-drive-and-belt-drive-garage-door-opener,How to Install a Chamberlain Chain Drive and Belt Drive Garage Door Opener,How to Install a Chamberlain Chain or Belt Drive Opener,"Install a Chamberlain chain or belt drive opener with the full sequence: rail, mounting, sensors, and travel settings. We flag the steps people tend to rush."
5789,chamberlain-garage-door-opener-installation,Chamberlain Garage Door Opener Installation,Chamberlain Garage Door Opener Installation,"Step-by-step Chamberlain opener installation for the B-series models, covering rail assembly, header mounting, wiring, and the final safety reverse test."
5782,secure-your-internet-connected-garage-door-opener,How to Secure Your Internet-Connected Garage Door Opener - A 10 Step Guide,How to Secure an Internet-Connected Garage Door Opener,"A connected opener is only as safe as its network. Strong Wi-Fi passwords, updated firmware, and two-factor logins close most of the gaps burglars look for."
5778,what-do-emergency-garage-door-repair-services-include,What Do Emergency Garage Door Repair Services Include?,What Do Emergency Garage Door Repair Services Include?,"Emergency garage door service covers snapped springs, doors stuck open, off-track panels, and dead openers. We explain what a late-night call actually gets."
5767,hottest-garage-door-trends-in-2023,Hottest Garage Door Trends in 2023,Garage Door Style Trends We Actually Like,"Bold colors, big windows, and smart openers are showing up on more new garage doors. We run through the style trends that hold up and the fads that fade."
5765,science-behind-garage-door-springs,The Science Behind Garage Door Springs,The Science Behind Garage Door Springs,"Garage door springs store the energy that makes a heavy door feel light. Our co-owner's published research explains the physics in plain, useful language."
5751,garage-door-window-cleaning,Garage Door Window Cleaning,How to Clean Garage Door Windows Without Scratches,"Lexan garage door windows scratch easily under the wrong cleaner. Mild soap, lukewarm water, and a soft cloth keep them clear. We list exactly what to avoid."
5746,clopay-garage-door-lock-installation,Clopay Garage Door Lock Installation,Clopay Garage Door Lock Installation,"Install a Clopay garage door lock with the factory sequence, from positioning the bar to aligning the strike. We add the checks that keep it turning smoothly."
5729,installing-clopay-residential-sectional-wood-garage-doors,Installing Clopay Residential Sectional Wood Garage Doors,Installing Clopay Residential Sectional Wood Garage Doors,"Full installation instructions for Clopay sectional wood garage doors, covering section stacking, track alignment, and the adjustments wood doors need."
5725,clopay-ez-set-extension-spring-system-installation,Clopay EZ-Set Extension Spring System Installation,Clopay EZ-Set Extension Spring System Installation,"Install the Clopay EZ-Set extension spring system with the clearances, hardware sequence, and tensioning steps the design requires. We note the pitfalls."
5717,clopay-low-headroom-conversion-kit-installation,Clopay Low Headroom Conversion Kit Installation,Clopay Low Headroom Conversion Kit Installation,"Fit a Clopay low headroom conversion kit by verifying your track radius first, then following the modified track and drum setup. We walk each measurement."
5714,clopay-insulated-steel-sectional-garage-door-installation,Clopay Insulated Steel Sectional Garage Door Installation,Clopay Insulated Steel Sectional Garage Door Installation,"Installation instructions for Clopay insulated steel sectional doors in multi-layer construction, from safety prep through track, spring, and final balance."
5708,clopay-sectional-garage-door-installation,Clopay Sectional Garage Door Installation,Clopay Sectional Garage Door Installation,"Install a Clopay steel sectional garage door the right way: level the opening, stack the sections, set the track, and tension the counterbalance safely."
5525,advanced-garage-door-security,Advanced Garage Door Security,How Modern Garage Door Security Actually Works,Rolling-code encryption and smarter sensors are what keep a modern garage door from being an easy way in. We explain the technology without the jargon.
5526,custom-engineering-for-large-commercial-garage-doors,Custom Engineering for Large Commercial Garage Doors,Custom Engineering for Large Commercial Garage Doors,"Large commercial doors live or die on load balancing and material strength. We look at how engineers size springs, tracks, and panels for heavy daily use."
5524,an-in-depth-analysis-of-torsion-springs,An In-Depth Analysis of Torsion Springs: Material Properties and Load Mechanics,Torsion Springs: Materials and Load Mechanics,"Torsion springs work by twisting steel to counter the door's weight. We dig into the wire materials, cycle ratings, and load math behind a reliable spring."
5527,belt-drive-vs-chain-drive-openers,Belt Drive Vs. Chain Drive Openers: a Comparative Study on Longevity and Mechanical Efficiency,Belt Drive vs Chain Drive Openers: Which Lasts Longer?,"Belt drives run quieter and chains tolerate heavier doors, and longevity depends on load and upkeep. We compare the two drive types on the points that matter."
5529,technical-guide-on-api-integrations-with-smart-home-systems,Garage Door Connectivity: a Technical Guide on API Integrations With Smart Home Systems,How Garage Doors Connect to Smart Home Systems,Smart garage doors talk to your home through APIs and platforms like HomeKit and Google Home. We explain how the integrations work and what to check first.
5528,insulating-materials-and-their-thermal-conductivity,Energy Efficiency: A Study on Insulating Materials and Their Thermal Conductivity,Garage Door Insulation Materials and R-Value Basics,"Polyurethane, polystyrene, and reflective barriers insulate garage doors differently. We compare how each material handles heat loss and where each fits."
5531,retrofitting-older-garage-doors,Retrofitting Older Garage Doors: An Electrical and Mechanical Blueprint for Upgrades,Retrofitting an Older Garage Door: What to Upgrade,"An older garage door can often be retrofitted with a new opener, safety sensors, and better hardware instead of replaced. We map out which upgrades pay off."
5494,energy-efficient-garage-doors-and-why-you-need-one,The Green Garage: Energy-Efficient Garage Doors and Why You Need One,Energy-Efficient Garage Doors: Are They Worth It?,An old uninsulated garage door leaks heat all winter. We look at what makes a door energy efficient and when the upgrade actually shows up on your bills.
5493,invisible-damage-how-to-spot-hidden-problems-in-your-garage-door,Invisible Damage: How to Spot Hidden Problems in Your Garage Door,How to Spot Hidden Garage Door Problems Early,"Frayed cables, hairline spring cracks, and worn rollers hide until they fail. We show the quick monthly checks that catch garage door damage early."
5495,insight-into-smart-garage-doors,The Future Is Here: an Insight Into Smart Garage Doors,Smart Garage Doors: What They Do and Why It Matters,"A smart garage door opens from your phone, alerts you when it is left up, and ties into the rest of your smart home. We cover what the tech really adds."
5492,how-to-match-your-garage-door-with-your-homes-exterior-design,Aesthetic Appeal: How to Match Your Garage Door With Your Home's Exterior Design,How to Match Your Garage Door to Your Home's Exterior,"The garage door covers a big share of your home's front, so its color, panel style, and windows should agree with the rest. We share how we help owners pick."
5496,addressing-noise-issues-in-your-garage-door,The Silent Killer: Addressing Noise Issues in Your Garage Door,Why Is My Garage Door So Noisy and How Do I Fix It?,"Most garage door noise traces back to dry rollers, loose hardware, or a worn opener drive. We match each squeak, rattle, and grind to its likely fix."
5481,how-much-does-it-cost-to-repair-a-garage-door,How Much Does It Cost To Repair A Garage Door?,How Much Does It Cost To Repair A Garage Door?,"Garage door repair costs vary with the failed part and the door's overall condition. We break down what spring, cable, opener, and panel work involves."
5480,how-long-do-garage-door-springs-last,How Long Do Garage Door Springs Last?,How Long Do Garage Door Springs Last?,"Garage door springs are rated in open-and-close cycles, so lifespan depends on how often you use the door. We explain cycle ratings and the signs of fatigue."
5439,how-do-you-align-a-garage-door-sensor,How Do You Align A Garage Door Sensor?,How Do You Align A Garage Door Sensor?,"Align garage door sensors by loosening the bracket, aiming both lenses at each other, and watching for steady indicator lights. We walk through it simply."
5264,torquemaster-garage-door-springs,TorqueMaster Garage Door Springs,"TorqueMaster Garage Door Springs, Explained","TorqueMaster springs hide inside the torsion tube, which makes them safer to be around but different to service. We cover how the system works and wears."
5229,2023-garage-door-trends-enhancing-functionality-and-style,2023 Garage Door Trends: Enhancing Functionality and Style,Garage Door Upgrades That Add Function and Style,"New panel designs, quieter openers, and insulation upgrades can modernize a garage without a full remodel. We highlight the upgrades owners ask us about."
5152,custom-garage-door-design-materials-styles-integration,"Custom Garage Door Design: Materials, Styles & Integration","Custom Garage Door Design: Materials, Styles & Integration","A custom garage door starts with material and panel style, then gets matched to the home's architecture. We walk through the design choices in order."
5151,garage-door-security-systems-rolling-codes-to-biometric-access,Garage Door Security Systems: Rolling Codes to Biometric Access,Garage Door Security Systems: Rolling Codes to Biometric Access,Garage door security has moved from fixed codes to rolling codes and even biometric entry. We trace how each layer works and which ones matter at home.
5154,high-speed-garage-doors,Intricacies of High-Speed Garage Doors: Components & Considerations,How High-Speed Garage Doors Work and Where They Fit,High-speed garage doors trade heavy panels for fast-cycling curtains and stronger motors. We look at the components and where the speed pays for itself.
5153,counterbalance-systems-weight-distribution-spring-calculations,Counterbalance Systems: Weight Distribution & Spring Calculations,"Garage Door Counterbalance Systems, Explained",The counterbalance system is why a heavy garage door lifts with one hand. We explain weight distribution and how spring sizes get calculated for each door.
5150,low-headroom-garage-door-systems-mechanics-benefits,Low-Headroom Garage Door Systems: Mechanics & Benefits,Low-Headroom Garage Door Systems: Mechanics & Benefits,Low-headroom track systems let a garage door operate where ceiling space is tight. We cover how the double-track design works and when it is the right call.
5098,twins-garage-doors-technicians-achieve-idea-residential-installer-certification,Twins Garage Doors Technicians Achieve IDEA Residential Installer Certification,Our Technicians Earned IDEA Installer Certification,Every Twins Garage Doors technician has completed IDEA residential installer certification. Here is what the credential covers and why we pursued it.
5082,how-to-measure-for-a-new-garage-door,How To Measure For A New Garage Door,How To Measure For A New Garage Door,"Measure the opening width and height, the side room, and the headroom before ordering a garage door. We show where a tape measure mistake gets costly."
5049,the-top-10-most-common-garage-door-problems,The Top 10 Most Common Garage Door Problems,The Top 10 Most Common Garage Door Problems,"From doors that reverse for no reason to remotes that quit, most garage door trouble falls into a few familiar buckets. We run through the usual suspects."
5040,twins-garage-doors-achieves-superpro-status,Twins Garage Doors Achieves Superpro Status: What It Means for Customers,Twins Garage Doors Earns Superpro Status,Housecall Pro awarded Twins Garage Doors Superpro status for verified reviews and service standards. Here is what that badge means when you book with us.
5034,upgrade-your-homes-style-with-a-new-garage-door,Upgrade Your Home's Style With A New Garage Door,Upgrade Your Home's Style With A New Garage Door,"A new garage door changes the whole face of a house, and it is one of the few upgrades people notice from the street. We share what to weigh before buying."
4970,fixing-uneven-garage-doors-diy-guide,Fixing Uneven Garage Doors - DIY Guide,Fixing Uneven Garage Doors - DIY Guide,"An uneven garage door usually means a worn cable, a track issue, or spring trouble on one side. We show what you can adjust and what to leave to a pro."
4971,garage-door-costs-factors-to-consider,Garage Door Costs: Factors To Consider,Garage Door Costs: Factors To Consider,"Material, size, insulation, and installation labor set the cost of a garage door. We explain each factor so you can compare quotes on equal footing."
4973,liftmasters-evolution-from-switches-to-siri-in-30-years,LiftMaster's Evolution: From Switches To Siri In 30 Years,LiftMaster's Evolution: From Switches To Siri In 30 Years,LiftMaster went from wall switches to voice control and app-connected openers. We trace how the brand's openers changed and what that history buys you.
4972,garage-door-safety-the-importance-of-photo-cell-beams,Garage Door Safety: The Importance Of Photo-Cell Beams,Garage Door Safety: The Importance Of Photo-Cell Beams,Photo-cell beams stop a closing garage door the instant something crosses the opening. We explain how the sensors work and how to test yours today.
4974,protect-your-home-from-remote-theft,Protect Your Home From Remote Theft,Protect Your Home From Garage Remote Theft,"A stolen garage remote is a key to your house. Rolling codes, keychain remotes, and locking the car all help. We list the habits that shut this risk down."
4853,draft-free-living-the-importance-of-garage-door-seals,Draft-Free Living: The Importance Of Garage Door Seals,Draft-Free Living: The Importance Of Garage Door Seals,"Garage door seals block drafts, water, and pests at the edges of the biggest opening in your house. We explain the seal types and when to replace them."
4914,the-pros-and-cons-of-automatic-vs-manual-garage-doors,The Pros And Cons Of Automatic Vs. Manual Garage Doors,The Pros And Cons Of Automatic Vs. Manual Garage Doors,"Automatic garage doors win on convenience and safety features, while manual doors stay simple and cheap to keep running. We lay out both sides honestly."
4858,the-ins-and-outs-of-weatherstripping-for-your-garage-door,The Ins And Outs Of Weatherstripping For Your Garage Door,The Ins And Outs Of Weatherstripping For Your Garage Door,"Weatherstripping seals the gaps a garage door leaves at the bottom, sides, and top. We cover the profiles, how they attach, and which ones fail first."
4913,the-benefits-of-adding-windows-to-your-garage-door,The Benefits Of Adding Windows To Your Garage Door,The Benefits Of Adding Windows To Your Garage Door,"Windows bring daylight into the garage and break up a big blank panel. We weigh the looks against privacy, insulation, and cost so you can decide."
4924,how-to-replace-garage-door-springs,How To Replace Garage Door Springs?,How To Replace Garage Door Springs?,Spring replacement means unloading stored tension safely before anything else. We describe how the job is done and why it injures people who rush it.
4859,thermal-breaks-the-unsung-heroes-of-garage-door-efficiency,Thermal Breaks: The Unsung Heroes Of Garage Door Efficiency,Thermal Breaks: The Unsung Heroes Of Garage Door Efficiency,A thermal break is the barrier that stops heat from crossing a metal garage door frame. We explain how it works and why it matters in a cold climate.
4915,top-5-reasons-to-insulate-your-garage-door,Top 5 Reasons To Insulate Your Garage Door,Top 5 Reasons To Insulate Your Garage Door,"An insulated garage door steadies garage temperatures, quiets operation, and eases the load on nearby rooms. We count the reasons it earns its price."
4856,maximize-energy-savings-with-top-notch-weatherstripping,Maximize Energy Savings With Top-Notch Weatherstripping,How Weatherstripping Cuts Garage Energy Waste,Good weatherstripping closes the gaps that let heated and cooled air leak past your garage door. We explain the materials and where the savings come from.
4902,how-to-lubricate-garage-doors,How To Lubricate Garage Doors?,How to Lubricate a Garage Door the Right Way,"Lubricate the rollers, hinges, springs, and opener rail with a garage-rated product, not household oil. We show the order we follow on every tune-up."
4879,best-liftmaster-garage-door-openers-2023,Best LiftMaster Garage Door Openers (2023),Best LiftMaster Garage Door Openers We Install,"LiftMaster's lineup covers quiet belt drives, wall-mount units, and battery backup models. We pick the openers we trust most and say who each one suits."
4857,seal-the-deal-choosing-the-right-garage-door-seals,Seal The Deal: Choosing The Right Garage Door Seals,Seal The Deal: Choosing The Right Garage Door Seals,Choosing a garage door seal comes down to the gap you are closing and the weather it faces. We match seal profiles and materials to each situation.
4822,choosing-between-single-and-double-layer-insulated-garage-doors,Choosing Between Single And Double Layer Insulated Garage Doors,Choosing Between Single And Double Layer Insulated Garage Doors,"Single-layer doors are lighter and cheaper, while double and triple-layer doors add insulation and strength. We compare the construction types honestly."
4821,boosting-your-homes-value-with-insulated-garage-doors,Boosting Your Homes Value With Insulated Garage Doors,How Insulated Garage Doors Boost Your Home's Value,"An insulated garage door improves comfort, curb appeal, and efficiency, and appraisers and buyers notice all three. We explain where the value comes from."
4861,why-your-garage-door-deserves-high-quality-weatherstripping,Why Your Garage Door Deserves High-Quality Weatherstripping,Why Your Garage Door Deserves High-Quality Weatherstripping,Cheap weatherstripping flattens and cracks long before the door wears out. We explain what quality material does differently at the bottom and sides.
4860,weatherstripping-materials-what-works-best-for-your-garage,Weatherstripping Materials: What Works Best For Your Garage,Weatherstripping Materials: What Works Best For Your Garage,"Rubber, vinyl, and brush weatherstripping each handle cold, moisture, and wear differently. We compare the common materials for garage door duty."
4827,the-ins-and-outs-of-insulated-garage-door-materials,The Ins And Outs Of Insulated Garage Door Materials,The Ins And Outs Of Insulated Garage Door Materials,Insulated garage doors sandwich polystyrene or polyurethane between steel skins. We explain the difference and how construction affects real R-value.
4825,selecting-the-perfect-insulated-door-for-your-garage,Selecting The Perfect Insulated Door For Your Garage,How to Choose the Right Insulated Garage Door,"Pick an insulated garage door by weighing R-value, construction layers, and how you use the garage. We walk through the decision the way we do on quotes."
4823,insulation-matters-improve-your-garage-doors-efficiency,Insulation Matters: Improve Your Garage Doors Efficiency,How Insulation Improves Your Garage Door's Efficiency,Garage door insulation slows heat transfer through the largest moving wall of your house. We cover how it works and what improvement is realistic.
4824,reduce-utility-bills-with-an-insulated-garage-door,Reduce Utility Bills With An Insulated Garage Door,Reduce Utility Bills With An Insulated Garage Door,"An insulated garage door trims the heating and cooling load, especially with living space above or beside the garage. We explain when the savings show up."
4826,the-environmental-benefits-of-an-insulated-garage-door,The Environmental Benefits Of An Insulated Garage Door,The Environmental Benefits Of An Insulated Garage Door,Less heat leaking through the garage means less energy burned at the furnace. We look at the environmental case for insulated garage doors without hype.
4829,weatherproof-your-garage-insulations-role,Weatherproof Your Garage: Insulations Role,Weatherproofing a Garage: The Role of Insulation,Insulation and sealing work together to keep weather out of a garage. We explain what each layer does and where most garages fall short in winter.
4828,the-secret-behind-energy-efficient-garage-doors,The Secret Behind Energy-Efficient Garage Doors,The Secret Behind Energy-Efficient Garage Doors,"What makes a garage door energy efficient is the combination of core insulation, thermal breaks, and tight seals. We unpack how the three work together."
4830,when-to-choose-insulated-garage-doors,When To Choose Insulated Garage Doors,When To Choose Insulated Garage Doors,"Insulated garage doors make the most sense on attached garages, workshops, and rooms above the garage. We describe the situations where they pay off."
4812,can-i-use-wd-40-to-lubricate-garage-door,Can I Use WD-40 To Lubricate Garage Door?,Can You Use WD-40 on a Garage Door?,"WD-40 is a cleaner and water displacer, not a long-term lubricant, so we do not use it on garage door hardware. Here is what we apply instead and why."
4813,what-maintenance-should-be-done-on-a-garage-door,What Maintenance Should Be Done On A Garage Door?,What Maintenance Should Be Done On A Garage Door?,"Garage door maintenance covers lubrication, hardware tightening, balance testing, and a sensor check. We list the tasks and the ones best left to a pro."
4814,what-should-i-use-to-lubricate-my-garage-door,What Should I Use To Lubricate My Garage Door?,What Should I Use To Lubricate My Garage Door?,"Use a lithium or silicone-based garage door lubricant on rollers, hinges, and springs. We explain why those beat general-purpose oils on this hardware."
4702,detecting-unseen-garage-door-dangers,Detecting Unseen Garage Door Dangers,Detecting Unseen Garage Door Dangers,"The dangerous garage door problems are the quiet ones: fatigued springs, fraying cables, failing reversal. We show how to spot each one before it bites."
4701,choosing-the-safest-garage-door-opener,Choosing The Safest Garage Door Opener,Choosing The Safest Garage Door Opener,The safest garage door openers pair reliable auto-reverse with rolling-code remotes and battery backup. We explain which safety features come first.
4703,discover-the-convenience-of-smart-garage-door-openers,Discover The Convenience Of Smart Garage Door Openers,What a Smart Garage Door Opener Actually Does,"A smart opener lets you check, open, and close the garage from your phone and see who came and went. We cover the features people actually end up using."
4704,dont-forget-about-your-garage-door-hinges,Don't Forget About Your Garage Door Hinges,Don't Forget About Your Garage Door Hinges,Hinges carry the flex every time your garage door bends around the track curve. We explain how to spot worn hinges and why their numbering matters.
4778,can-a-stranger-open-my-garage-door,Can A Stranger Open My Garage Door?,Can A Stranger Open My Garage Door?,"Older fixed-code openers could be opened by outsiders, but rolling-code systems changed that. We explain the real risks and the settings worth checking."
4780,how-do-i-secure-my-garage-door-when-on-vacation,How Do I Secure My Garage Door When On Vacation?,How Do I Secure My Garage Door When On Vacation?,"Before a trip, use vacation lock mode, disable the remotes, and lock the manual latch. We run through the checklist we give customers who travel."
4779,do-you-lock-the-door-between-garage-and-the-house,Do You Lock The Door Between Garage And The House?,Do You Lock The Door Between Garage And The House?,The door between garage and house deserves a deadbolt just like your front door. We explain why that entry gets targeted and how to harden it properly.
4781,how-do-you-baby-proof-a-garage-door,How Do You Baby Proof A Garage Door?,How Do You Baby Proof A Garage Door?,Baby proofing a garage door starts with mounting the wall button high and testing the auto-reverse. We cover the settings and habits that protect kids.
4782,why-do-we-have-to-childproof-your-garage-door,Why Do We Have To Childproof Your Garage Door?,Why Childproofing Your Garage Door Matters,"A garage door is the heaviest moving object in the house, which is exactly why it needs childproofing. We explain the risks and the simple fixes."
4700,choosing-the-right-replacement-opener-for-your-garage,Choosing The Right Replacement Opener For Your Garage,Choosing The Right Replacement Opener For Your Garage,"A replacement opener should match your door's weight, ceiling layout, and noise tolerance. We walk through how we size and pick openers on real jobs."
4699,chain-drive-vs-belt-drive-which-is-best-for-you,Chain Drive Vs Belt Drive: Which Is Best For You?,Chain Drive Vs Belt Drive: Which Is Best For You?,"Chain drives cost less and pull hard, while belt drives run quietly. We compare durability, noise, and price so you can pick a side with confidence."
4698,belt-drive-or-chain-drive-picking-the-best-garage-door-opener-for-you,Belt Drive Or Chain Drive: Picking The Best Garage Door Opener For You,Belt or Chain Garage Door Opener: How to Pick,Pick a belt drive when the garage sits under bedrooms and a chain drive when budget and heavy doors lead the way. We break the choice down by situation.
4697,balance-your-garage-door-for-optimal-performance,Balance Your Garage Door For Optimal Performance,Balance Your Garage Door For Optimal Performance,A balanced garage door stays put at half height and lifts without strain. We explain the balance test and what an out-of-balance door slowly destroys.
4696,a-childproof-garage-door-top-safety-measures,A Childproof Garage Door: Top Safety Measures,A Childproof Garage Door: Top Safety Measures,"Childproof measures for a garage door include sensor tests, keypad lockouts, and keeping remotes away from small hands. We rank the steps by impact."
4705,dont-get-stuck-identifying-and-solving-garage-door-opening-issues,Don't Get Stuck: Identifying And Solving Garage Door Opening Issues,Why a Garage Door Gets Stuck and How to Free It,"Doors get stuck from track obstructions, broken springs, and disengaged trolleys. We go cause by cause so you can free the door or know when to call."
4707,fireproofing-your-garage-door-top-materials-and-techniques,Fireproofing Your Garage Door: Top Materials And Techniques,Fireproofing Your Garage Door: Top Materials And Techniques,Fire-rated garage doors and protective treatments slow flames at one of a home's riskiest rooms. We cover the materials and where codes come into play.
4708,garage-door-emergency-release-when-and-how-to-use-it,Garage Door Emergency Release: When And How To Use It,Garage Door Emergency Release: When And How To Use It,The red emergency release cord disconnects the door from the opener so you can lift it by hand. We explain when to pull it and how to reconnect after.
4710,garage-door-sensors-routine-checks-to-ensure-home-safety,Garage Door Sensors: Routine Checks To Ensure Home Safety,Garage Door Sensors: Routine Checks To Ensure Home Safety,Test garage door sensors by blocking the beam while the door closes and watching it reverse. We describe the routine checks that keep the system honest.
4709,garage-door-opener-secrets-every-homeowner-should-know,Garage Door Opener Secrets Every Homeowner Should Know,Garage Door Opener Basics Every Homeowner Should Know,"Your opener has settings, safety tests, and a manual release most owners never touch. We cover the features worth learning before something goes wrong."
4713,giving-your-garage-door-some-tlc-an-annual-checklist,Giving Your Garage Door Some TLC: An Annual Checklist,Giving Your Garage Door Some TLC: An Annual Checklist,"Once a year, a garage door deserves lubrication, hardware tightening, a balance test, and a seal inspection. We put the whole checklist in one place."
4711,garage-door-spring-safety,Garage Door Spring Safety,Garage Door Spring Safety: What Homeowners Must Know,"Garage door springs hold serious stored tension, and mishandling them causes real injuries. We explain how to live safely around them and what to avoid."
4723,unraveling-the-mystery-of-garage-door-sensors,Unraveling The Mystery Of Garage Door Sensors,How Garage Door Sensors Work and Why They Fail,Garage door sensors bounce an infrared beam across the opening and stop the door when it breaks. We explain the system and its most common failures.
4721,the-unparalleled-advantages-of-direct-drive-systems,The Unparalleled Advantages Of Direct Drive Systems,Direct Drive Garage Door Openers: The Advantages,"Direct drive openers move the motor itself along the rail, cutting vibration and parts that wear. We look at why the design runs so quietly for so long."
4719,the-role-of-horsepower-in-picking-the-perfect-opener,The Role Of Horsepower In Picking The Perfect Opener,The Role Of Horsepower In Picking The Perfect Opener,"Opener horsepower needs to match the door's weight and size, not exceed it for bragging rights. We explain how much motor different doors really need."
4715,keyless-entry-how-to-choose-the-perfect-keypad-system,Keyless Entry: How To Choose The Perfect Keypad System,Keyless Entry: How To Choose The Perfect Keypad System,A garage keypad gives your family access without handing out remotes. We compare keypad types and the features that separate reliable units from junk.
4712,garage-door-springs-the-hidden-dangers,Garage Door Springs: The Hidden Dangers,Garage Door Springs: The Hidden Dangers,"Spring failures rarely give notice, and the stored energy makes them the most dangerous part on the door. We cover what goes wrong and how pros stay safe."
4714,keeping-weatherstripping-in-top-condition,Keeping Weatherstripping In Top Condition,Keeping Weatherstripping In Top Condition,"Weatherstripping lasts longer when you clean it, keep it pliable, and replace sections before they crack. We show the simple upkeep that stops the leaks."
4716,the-art-of-proper-garage-door-balance,The Art Of Proper Garage Door Balance,The Art Of Proper Garage Door Balance,Garage door balance decides how long your springs and opener survive. We explain what proper balance looks like and walk through the quick test to run.
4718,the-importance-of-garage-door-roller-inspection,The Importance Of Garage Door Roller Inspection,The Importance Of Garage Door Roller Inspection,"Worn rollers wobble, bind, and chew up track. Inspecting them takes minutes and prevents off-track failures. We show what good and bad rollers look like."
4717,the-dos-and-donts-of-garage-door-cables,The Dos And Don'ts Of Garage Door Cables,The Dos And Don'ts Of Garage Door Cables,"Garage door cables are under constant load, so fraying and rust deserve fast attention. We list what to check and why cable work is not a DIY job."
4720,the-ultimate-guide-to-choosing-your-garage-door-opener,The Ultimate Guide To Choosing Your Garage Door Opener,How to Choose a Garage Door Opener You'll Keep,"Choosing a garage door opener comes down to drive type, motor size, and the smart features you will actually use. We sort the options in plain terms."
4722,trusty-tips-for-prolonging-the-life-of-your-garage-door-opener,Trusty Tips For Prolonging The Life Of Your Garage Door Opener,How to Make Your Garage Door Opener Last Longer,"Openers last longer when the door stays balanced and the moving parts stay lubricated, so the motor never fights the load. We share the habits that help."
4724,upgrade-your-home-the-aesthetic-benefits-of-a-new-garage-door-opener,Upgrade Your Home: The Aesthetic Benefits Of A New Garage Door Opener,The Upside of Upgrading Your Garage Door Opener,"A new opener cleans up the ceiling, quiets the room, and adds lighting and app control the old unit never had. We cover what an upgrade changes daily."
4725,when-to-diy-and-when-to-call-a-pro-for-garage-door-repairs,When To DIY And When To Call A Pro For Garage Door Repairs,When To DIY And When To Call A Pro For Garage Door Repairs,"Rollers, weatherstripping, and lubrication are fair DIY territory, while springs and cables are not. We draw the line based on what actually hurts people."
4689,why-you-need-a-garage-door-maintenance-plan,Why You Need A Garage Door Maintenance Plan,Why You Need A Garage Door Maintenance Plan,A maintenance plan catches wear before it becomes a stuck door on a workday morning. We explain what regular service covers and who benefits most from it.
4683,what-type-of-garage-door-has-the-best-insulation,What Type Of Garage Door Has The Best Insulation?,What Type Of Garage Door Has The Best Insulation?,Polyurethane-injected steel doors top the insulation charts because the foam bonds to both skins. We compare door constructions by their real R-value.
4680,do-insulated-garage-doors-really-make-a-difference,Do Insulated Garage Doors Really Make A Difference?,Do Insulated Garage Doors Really Make A Difference?,"Insulated garage doors make a clear difference on attached garages and rooms above them, and less on detached shells. We give you the honest answer."
4672,how-do-i-fix-my-garage-door-that-i-ran-into,How Do I Fix My Garage Door That I Ran Into?,How Do I Fix My Garage Door That I Ran Into?,"Backed into the garage door? Stop using it, check the tracks and panels, and get the damage assessed. We explain what is fixable and what needs new parts."
4650,why-does-my-garage-door-motor-make-sound-but-not-move,Why Does My Garage Door Motor Make Sound But Not Move?,Why Does My Garage Door Motor Make Sound But Not Move?,"A humming motor with no movement usually means a stripped gear, a disengaged trolley, or a broken spring. We go through the causes in the order we check."
4651,why-is-my-garage-door-not-opening-but-the-motor-is-running,Why Is My Garage Door Not Opening But The Motor Is Running?,Why Is My Garage Door Not Opening But The Motor Is Running?,"When the motor runs but the door stays down, the trolley is usually disconnected or the drive has failed. Here is how we tell which problem you have."
4652,can-you-manually-lift-a-garage-door-if-the-spring-is-broken,Can You Manually Lift A Garage Door If The Spring Is Broken?,Can You Manually Lift A Garage Door If The Spring Is Broken?,"You can lift a door with a broken spring, but you are lifting the full weight and it can fall. We explain the safe technique and when not to attempt it."
4642,is-it-safe-to-repair-a-garage-door-yourself,Is It Safe To Repair A Garage Door Yourself?,Is It Safe To Repair A Garage Door Yourself?,"Some garage door repairs are safe to do yourself, but spring and cable work sends people to the ER. We sort the jobs by risk so you know where you stand."
4638,how-do-you-open-a-garage-door-with-a-broken-spring,How Do You Open A Garage Door With A Broken Spring?,How Do You Open A Garage Door With A Broken Spring?,"To open a door with a broken spring, pull the release and lift with a helper, keeping hands clear of the sections. We walk through it and the risks."
4634,what-is-the-best-way-to-seal-the-bottom-of-a-garage-door,What Is The Best Way To Seal The Bottom Of A Garage Door?,What Is The Best Way To Seal The Bottom Of A Garage Door?,"The bottom seal and a threshold strip do most of the work at the floor. We compare the options for stopping water, drafts, and mice at that gap."
4622,common-problems-with-garage-doors-and-how-to-fix-them,Common Problems With Garage Doors & How To Fix Them,Common Problems With Garage Doors & How To Fix Them,"Noisy tracks, dead remotes, sensor faults, and doors that reverse are the complaints we hear most. We pair each common problem with its usual fix."
4618,what-to-consider-when-buying-a-garage-door-opener,What To Consider When Buying A Garage Door Opener,What To Consider When Buying A Garage Door Opener,"Before buying an opener, weigh drive type, horsepower, ceiling clearance, and smart features against your door. We list the specs that actually matter."
4615,tips-to-maintain-extend-the-life-of-your-garage-door,Tips To Maintain & Extend The Life Of Your Garage Door,Tips To Maintain & Extend The Life Of Your Garage Door,"Regular lubrication, gentle cleaning, and quick attention to new noises stretch a garage door's life. We collect the habits that keep doors going strong."
4611,the-pros-cons-of-automatic-garage-door-openers,The Pros & Cons Of Automatic Garage Door Openers,The Pros & Cons Of Automatic Garage Door Openers,Automatic openers add convenience and lighting but bring maintenance and power dependence. We weigh the trade-offs before you commit to the upgrade.
4607,how-to-choose-the-right-garage-door-for-your-home,How To Choose The Right Garage Door For Your Home,How To Choose The Right Garage Door For Your Home,"Choosing a garage door means balancing material, style, insulation, and budget. We put the decisions in order so the process stops feeling overwhelming."
4600,garage-door-cleaning-tips-for-spring,Garage Door Cleaning Tips For Spring,Garage Door Cleaning Tips For Spring,"Wash the panels with mild soap, clear the tracks, and wipe down the seals once winter ends. We share the cleaning routine that keeps doors looking new."
4596,how-to-prepare-your-garage-door-for-the-spring,How To Prepare Your Garage Door For The Spring,How To Prepare Your Garage Door For The Spring,"Winter is hard on garage doors, so spring is the time to check springs, cables, and seals for damage. We list what to inspect once the thaw arrives."
4591,garage-door-repairs-to-make-before-spring,Garage Door Repairs To Make Before Spring,Garage Door Repairs To Make Before Spring,"Cold weather leaves garage doors with stiff hardware, cracked seals, and tired springs. We cover the repairs worth handling before the busy season."
4589,garage-door-automation,Garage Door Automation: The Complete Guide,Garage Door Automation: How to Get Started,Garage door automation starts with a compatible opener and a controller that ties into your phone or smart home. We map the pieces and how they connect.
4585,5-ways-to-use-garage-door-automation-to-make-your-life-easier,5 Ways To Use Garage Door Automation To Make Your Life Easier,5 Ways To Use Garage Door Automation To Make Your Life Easier,"Scheduled closing, voice control, delivery access, and alerts are the automation tricks owners use most. We show five ways to put your opener to work."
4581,how-to-automate-your-garage-door-with-your-smart-home-system,How To Automate Your Garage Door With Your Smart Home System,How To Automate Your Garage Door With Your Smart Home System,"Tie your garage door into your smart home hub and it can close on schedule, react to your location, and report its status. We explain the setup path."
4578,how-automation-is-changing-the-way-we-open-and-close-our-garages,The Future Of Garage Doors: How Automation Is Changing The Way We Open And Close Our Garages,How Automation Is Changing Garage Doors,"Garage doors now open from phones, watch themselves with cameras, and fit into whole-home routines. We look at where the technology is heading next."
4570,the-benefits-of-automating-your-garage-door,The Benefits Of Automating Your Garage Door,The Benefits Of Automating Your Garage Door,"Automating the garage door buys convenience, but the underrated wins are security alerts and never wondering if you left it open. We run down the list."
4566,how-to-choose-the-right-garage-door-automation-system-for-your-home,How To Choose The Right Garage Door Automation System For Your Home,How to Choose a Garage Door Automation System,"Match a garage door automation system to your opener's age, your smart home platform, and your budget. We explain what to check before buying anything."
4558,the-history-of-the-garage-door,The History Of The Garage Door,"The History of the Garage Door, Briefly Told",Garage doors evolved from carriage house doors to sectional overhead designs and app-driven openers. We walk the timeline and the inventions that stuck.
4555,how-to-keep-your-garage-door-secure,How To Keep Your Garage Door Secure,How To Keep Your Garage Door Secure,"Garage security rests on rolling-code remotes, locked service doors, covered windows, and good habits. We list the steps that actually deter break-ins."
4549,what-are-the-different-types-of-garage-door-rollers,What Are The Different Types Of Garage Door Rollers?,What Are The Different Types Of Garage Door Rollers?,"Garage door rollers come in nylon, steel, and plastic, with sealed bearings marking the good ones. We compare the types by noise, wear, and cost."
4526,how-do-i-adjust-the-limits-on-my-garage-door-opener,How Do I Adjust The Limits On My Garage Door Opener?,How Do I Adjust The Limits On My Garage Door Opener?,Opener limit screws or buttons set where the door stops when opening and closing. We show how to adjust them when the door reverses or leaves a gap.
4480,can-i-replace-just-the-garage-door,Can I Replace Just The Garage Door?,Can I Replace Just The Garage Door?,"You can often replace just the door and keep a healthy opener and framing, though tracks usually come with the new door. We explain what carries over."
4475,what-is-the-lifespan-of-a-garage-door,What Is The Lifespan Of A Garage Door?,What Is The Lifespan Of A Garage Door?,"A garage door's lifespan depends on the door's build, the climate it faces, and how well its hardware is maintained. We explain what ages doors fastest."
4465,what-is-the-average-life-of-a-garage-door-opener,What Is The Average Life Of A Garage Door Opener?,What Is The Average Life Of A Garage Door Opener?,"Opener lifespan hinges on usage, door balance, and build quality more than the calendar. We describe the aging signs that say retirement is close."
4460,do-garage-doors-need-an-annual-maintenance,Do Garage Doors Need An Annual Maintenance?,Do Garage Doors Need Annual Maintenance?,"Yes, a yearly service visit keeps springs, cables, and openers ahead of wear. We explain what an annual garage door tune-up covers and why we push it."
4438,how-do-you-fix-a-garage-door-that-keeps-stopping,How Do You Fix A Garage Door That Keeps Stopping?,How Do You Fix A Garage Door That Keeps Stopping?,"A door that stops mid-travel usually has a sensor fault, a track obstruction, or a force setting problem. We go through the fixes in the order to try."
4424,how-to-clean-garage,How To Clean A Garage,How to Clean Out Your Garage Without Losing a Weekend,"Cleaning a garage goes faster with a sort-first plan: empty it, group things, purge, then give everything a home. We lay out the process start to finish."
4350,how-do-you-fix-a-sagging-garage-door,How Do You Fix A Sagging Garage Door?,How Do You Fix A Sagging Garage Door?,"Sagging garage doors usually trace back to worn hinges, loose struts, or aging panels. We show how to brace a door and when sag means replacement time."
4332,what-does-ippt-inch-pounds-per-turn-mean-for-torsion-springs,What Does IPPT (Inch Pounds Per Turn) Mean For Torsion Springs?,What Does IPPT (Inch Pounds Per Turn) Mean For Torsion Springs?,IPPT measures how much torque a torsion spring delivers per turn of wind. We explain the number and why it matters when matching a spring to a door.
4323,is-it-worth-repairing-a-garage-door-opener,Is It Worth Repairing A Garage Door Opener?,Is It Worth Repairing A Garage Door Opener?,"Repair makes sense for openers with healthy motors and minor faults, and stops making sense when safety tech lags behind. We help you weigh the call."
4306,does-an-insulated-garage-door-increase-the-value-of-your-home,Does An Insulated Garage Door Increase The Value Of Your Home?,Does An Insulated Garage Door Increase The Value Of Your Home?,"An insulated garage door adds value through curb appeal and efficiency, and buyers of attached-garage homes notice it. We explain where the gain comes in."
4300,the-top-benefits-of-insulated-garage-doors-for-your-home,The Top Benefits Of Insulated Garage Doors For Your Home,The Top Benefits Of Insulated Garage Doors For Your Home,"Insulated garage doors run quieter, steady the garage climate, and shrug off dents better than thin panels. We walk through the benefits owners feel."
4295,the-pros-and-cons-of-different-garage-door-materials,The Pros And Cons Of Different Garage Door Materials,The Pros And Cons Of Different Garage Door Materials,"Steel, wood, aluminum, and fiberglass garage doors each trade strength, upkeep, and price differently. We compare the materials side by side for you."
4291,how-to-save-energy-and-money-with-energy-efficient-garage-doors,How To Save Energy And Money With Energy-Efficient Garage Doors,How To Save Energy And Money With Energy-Efficient Garage Doors,An energy-efficient garage door cuts the heat you lose through the garage and eases the rooms around it. We explain the features that make it work.
4286,smart-garage-doors-future-home-automation,5 Reasons Why Smart Garage Doors Are The Future Of Home Automation,Why Smart Garage Doors Are Worth the Upgrade,"Smart garage doors earn their place in home automation with remote control, alerts, and delivery access. We give the reasons the upgrade tends to stick."
4229,the-differences-between-extension-and-torsion-springs-in-garage-doors,The Differences Between Extension and Torsion Springs in Garage Doors,Extension vs Torsion Garage Door Springs,"Torsion springs twist above the door while extension springs stretch along the tracks. We compare safety, lifespan, and cost between the two systems."
4225,difference-between-regular-and-high-cycle-torsion-springs,The Difference Between Regular &amp; High-Cycle Torsion Springs,The Difference Between Regular & High-Cycle Torsion Springs,High-cycle torsion springs use thicker wire or longer coils to survive more openings. We explain when the upgrade makes sense and when standard is fine.
4221,the-different-types-of-garage-door-openers-which-is-right-for-you,The Different Types of Garage Door Openers: Which is Right for You?,Garage Door Opener Types: Which One Fits Your Garage?,"Belt, chain, screw, and wall-mount openers each fit different garages and budgets. We describe how each type works and who each one suits best."
4217,how-an-appealing-garage-door-can-increase-the-value-of-your-home,How an Appealing Garage Door Can Increase the Value of Your Home,How an Appealing Garage Door Can Increase the Value of Your Home,A good-looking garage door raises curb appeal on one of the largest surfaces buyers see first. We cover how appearance translates into home value.
4213,troubleshooting-a-garage-door-that-wont-open,Troubleshooting a Garage Door that Won't Open,Troubleshooting a Garage Door that Won't Open,"When a garage door will not open, start with power, remote batteries, and the lock switch before assuming the worst. We put the checks in order for you."
4210,maintain-garage-door-for-long-lasting-performance,How to Properly Maintain Your Garage Door for Long-Lasting Performance,How to Maintain a Garage Door for the Long Haul,"Long garage door life comes from a short routine: lubricate, tighten, test the balance, and watch the seal. We turn the upkeep into a simple habit."
4206,benefits-of-upgrading-to-a-smart-garage-door-opener,The Benefits of Upgrading to a Smart Garage Door Opener,The Benefits of Upgrading to a Smart Garage Door Opener,"Upgrading to a smart opener adds phone control, closing alerts, and guest access codes. We explain the benefits and what the switch actually involves."
4202,5-signs-that-its-time-to-replace-your-garage-door,5 Signs That it's Time to Replace Your Garage Door,5 Signs That it's Time to Replace Your Garage Door,"Repeated repairs, sagging panels, rising noise, and rust are the door's way of resigning. We list the signs that replacement beats yet another fix."
4197,the-benefits-of-a-garage-door-opener-camera,The Benefits of a Garage Door Opener Camera,The Benefits of a Garage Door Opener Camera,An opener camera shows who is in the garage and confirms the door closed behind you. We look at what built-in cameras do well and where they fall short.
4192,importance-garage-door-opener-battery-backup,The Importance of a Garage Door Opener with a Battery Backup,The Importance of a Garage Door Opener with a Battery Backup,"A battery backup keeps your garage door working through power outages, which is exactly when you need out. We explain how it works and who needs it most."
2355,best-ways-to-remove-rust-from-my-garage-door,Best Ways to Remove Rust from My Garage Door?,How to Remove Rust From a Garage Door,"Remove garage door rust by sanding to clean metal, treating the spot, priming, and repainting. We cover the process and how to keep rust from returning."
2354,setting-garage-door-opener-limits,Setting Your Garage Door Opener Travel Limits,Setting Your Garage Door Opener Travel Limits,"Travel limits tell the opener where the door should stop. We show how to fine-tune the settings when the door slams, reverses, or will not close flush."
2352,do-upgraded-garage-doors-increase-home-value,Do Upgraded Garage Doors Increase Home Value: What You Need to Know,Do Upgraded Garage Doors Increase Home Value?,Upgraded garage doors consistently rank among the best-returning exterior projects. We explain why the upgrade holds value and what buyers look for.
2349,garage-door-closes-unevenly-prevention-reason-solutions,"Garage Door Closes Unevenly: Prevention, Reason, Solutions","Garage Door Closes Unevenly: Prevention, Reason, Solutions","A door that closes unevenly usually has a frayed cable, a blocked track, or uneven spring tension. We cover causes, fixes, and how to prevent a repeat."
2346,7-garage-door-problems-to-watch-out-for,7 Garage Door Problems to Watch Out For,7 Garage Door Problems to Watch Out For,"Garage doors cycle thousands of times a year, and the same seven problems cause most breakdowns. We list them and the early warnings for each one."
1,reasons-not-to-diy-garage-door-repair,6 Reasons Not to DIY Garage Door Repair,6 Reasons Not to DIY Garage Door Repair,DIY garage door repair risks injury and repairs that cost more the second time around. We give six honest reasons this is a job worth handing off.
